dimensione,media
value,4.64428381079281
rating,4.75225849433711
cleanliness,4.77648900732845
accuracy,4.7871019320453
checkin,4.82598934043971
communication,4.82722851432378
location,4.8809526982012
